,Hesburger Tartu Anne,Hesburger Tartu Eedeni keskus,Hesburger Tartu Kvartal,Hesburger Tartu Lõunakeskus,Hesburger Tartu Ringtee Drive-in,Hesburger Tartu Vabaduse,Hesburger Tartu Veeriku,Hesburger Võru,Hesburger Valga Rimi,Hesburger Viljandi,Hesburger Pärnu Maxima,Hesburger Pärnu Kaubamajakas,Hesburger Pärnu Niidu Drive,Hesburger Pärnu Port Artur,Hesburger Kuressaare Auriga keskuses,Hesburger Haapsalu,Hesburger Rapla,Hesburger Paide Drive-in,Hesburger Keila Selver,Hesburger Luige Drive-in,Hesburger Tallinn Laagri,Hesburger Tallinn Järve,Hesburger Maardu,Hesburger Peetri Selver,Hesburger Tallinn Arsenali keskus,Hesburger Tallinn Lasnamäe Centrum,Hesburger Tallinn Kristiine keskus,Hesburger Tallinn Lasnamäe Smuuli,Hesburger Tallinn Magistral,Hesburger Tallinn Merimetsa Selver,Hesburger Tallinn Mustamäe,Hesburger Tallinn Nautica Keskus,Hesburger Tallinn Nurmenuku,Hesburger Tallinn Rocca Al Mare,Hesburger Tallinn Sikupilli,Hesburger Tallinn Solaris Keskus,Hesburger Tallinn Sõle,Hesburger Tallinn Sõpruse,Hesburger Tallinn T1,Hesburger Tallinn Unibet Arena,Hesburger Tallinn Viru tn.,Hesburger Tallinn Õismäe Maxima,Hesburger Tallinn Ümera,Hesburger Tapa Drive-in,Hesburger Rakvere Põhjakeskus,Hesburger Rakvere Vaala Keskus,Hesburger Kohtla-Järve Vironia Keskus,Hesburger Jõhvi,Hesburger Ahtme Maxima,Hesburger Narva Fama Keskus,Hesburger Narva Juuli,Hesburger Narva Pähklimägi,Abja-Paluoja,Antsla,Elva,Jõgeva,Kallaste,Karksi-Nuia,Kehra,Kilingi-Nõmme,Kiviõli,Kunda,Kärdla,Lihula,Loksa,Mustvee,Mõisaküla,Narva-Jõesuu,Otepää,Paldiski,Põltsamaa,Põlva,Püssi,Räpina,Saue,Sillamäe,Sindi,Suure-Jaani,Tamsalu,Tõrva,Türi,Võhma
Hesburger Tartu Anne,0.0,519.58,1113.77,3977.82,3648.56,1290.72,2649.81,59082.2,75630.72,71929.23,136861.64,136160.0,138568.03,138622.16,266798.34,189433.69,123149.94,87245.6,164615.09,148367.75,152456.61,148601.63,140418.8,144752.56,149376.84,143947.75,148363.2,143899.94,150239.59,149530.22,150762.53,147109.27,151937.25,151046.17,145640.17,147212.83,149301.69,149744.19,145178.98,151618.05,147191.27,151803.75,142369.69,94335.28,100746.16,100157.66,110660.13,113694.36,112067.91,141596.72,142356.34,153754.8,89869.52,65271.85,20116.54,38312.98,39309.63,78892.19,119090.04,110575.42,96400.27,122371.35,221250.47,168174.7,130765.27,50444.34,98172.45,137110.45,38979.42,183838.97,48529.91,37530.95,99993.69,52672.33,157901.11,123883.27,126005.01,80065.2,80790.38,55433.54,81812.93,69137.28
Hesburger Tartu Eedeni keskus,519.58,0.0,1144.84,3917.73,3679.64,1321.8,2680.88,58694.02,75563.4,71861.91,136794.33,136092.67,138500.72,138554.84,266731.03,189792.45,123508.7,87604.35,164973.84,148726.52,152815.38,148960.38,140777.56,145111.33,149735.59,144306.52,148721.95,144258.69,150598.34,149888.98,151121.28,147468.02,152296.0,151404.92,145998.92,147571.58,149660.45,150102.94,145537.75,151976.8,147550.02,152162.5,142728.45,94694.03,101104.91,100516.41,111093.7,114127.94,112501.48,142030.3,142789.92,154113.55,89802.2,65204.54,20049.22,38671.73,39743.21,78824.87,119448.8,110508.11,96833.85,122804.93,221609.22,168533.45,131124.02,50877.92,98105.13,137544.03,38912.11,184197.72,48888.66,37142.78,100427.27,52789.26,158259.86,124316.84,126363.77,80423.95,81149.13,55366.23,82171.68,69496.04
Hesburger Tartu Kvartal,1113.77,1144.84,0.0,2877.2,2639.84,494.38,1641.09,58491.9,74534.21,70832.73,135765.14,135063.48,137471.53,137525.66,265701.84,189101.41,122817.66,86913.32,164282.81,148035.47,152124.34,148269.34,140086.53,144420.3,149044.56,143615.48,148030.92,143567.66,149907.31,149197.95,150430.25,146776.98,151604.97,150713.89,145307.89,146880.55,148969.41,149411.91,144846.72,151285.77,146858.98,151471.47,142037.42,94003.0,100413.88,99825.38,111483.21,114517.45,112890.99,142419.81,143179.42,153422.52,88773.02,64175.35,19020.04,37980.7,40132.72,77795.68,118757.76,109478.92,97223.36,123194.44,220918.19,167842.42,130432.99,51267.43,97075.95,137933.53,37882.91,183506.69,48197.63,36940.66,100816.77,53718.33,157568.83,124706.34,125672.73,79732.92,80458.1,54337.04,81480.65,68805.01
Hesburger Tartu Lõunakeskus,3977.82,3917.73,2877.2,0.0,1608.32,3098.96,2060.8,57938.16,72085.33,68383.84,133316.25,132614.61,135022.64,135076.77,263252.97,188707.81,122424.06,89461.77,166831.25,150583.92,154672.78,150817.78,142634.97,146968.73,151593.02,146163.92,150579.36,146116.09,152455.77,151746.39,152978.7,149325.42,154153.42,153262.34,147856.34,149428.98,151517.86,151960.36,147395.16,153834.22,149407.44,154019.91,144585.86,96551.45,102962.32,102373.83,114178.2,117212.45,115585.99,145114.81,145874.42,155970.97,86324.13,61726.46,16571.15,40529.15,42827.71,75346.8,121306.21,107030.03,99918.36,125889.44,220524.59,167448.83,132981.44,53962.43,94627.06,140628.53,35434.03,186055.14,47804.03,36386.91,103511.77,55375.71,160117.28,127401.34,125508.42,80413.88,83006.55,51888.15,81087.05,68411.41
Hesburger Tartu Ringtee Drive-in,3648.56,3679.64,2639.84,1608.32,0.0,2374.67,1026.26,59081.39,73434.73,69733.24,134665.64,133964.0,136372.05,136426.17,264602.34,187608.31,121324.55,88427.23,165796.72,149549.39,153638.25,149783.25,141600.44,145934.2,150558.47,145129.39,149544.83,145081.56,151421.22,150711.86,151944.16,148290.89,153118.88,152227.8,146821.8,148394.45,150483.33,150925.81,146360.63,152799.67,148372.89,152985.38,143551.33,95516.91,101927.78,101339.29,113468.16,116502.39,114875.95,144404.77,145164.38,154936.42,87673.52,63075.86,17920.55,39494.61,42117.67,76696.2,120271.67,108379.43,99208.3,125179.38,219425.09,166349.31,131946.89,53252.38,95976.46,139918.48,36783.43,185020.59,46704.52,37530.14,102801.72,56518.95,159082.73,126691.3,126857.82,78239.81,81972.01,53237.55,79987.54,67311.9
Hesburger Tartu Vabaduse,1290.72,1321.8,494.38,3098.96,2374.67,0.0,1375.92,58816.36,74751.86,71050.38,135982.78,135281.14,137689.17,137743.3,265919.5,188617.59,122333.85,86429.51,163799.0,147551.66,151640.53,147785.53,139602.72,143936.47,148560.75,143131.66,147547.11,143083.84,149423.5,148714.14,149946.44,146293.17,151121.16,150230.08,144824.08,146396.73,148485.59,148928.09,144362.89,150801.95,146375.17,150987.66,141553.61,93519.19,99930.06,99341.56,111108.69,114142.92,112516.48,142045.28,142804.91,152938.7,88990.66,64393.0,19237.68,37496.89,39758.2,78013.33,118273.95,109696.56,96848.84,122819.91,220434.38,167358.61,129949.18,50892.91,97293.59,137559.02,38100.56,183022.88,47713.82,37265.11,100442.25,53849.23,157085.02,124331.83,125188.92,79249.11,79974.29,54554.69,80996.84,68321.2
Hesburger Tartu Veeriku,2649.81,2680.88,1641.09,2060.8,1026.26,1375.92,0.0,58666.08,73865.34,70163.86,135096.27,134394.63,136802.66,136856.8,265032.97,189616.56,123332.82,87428.48,164797.97,148550.63,152639.5,148784.5,140601.67,144935.44,149559.72,144130.63,148546.08,144082.81,150422.47,149713.11,150945.41,147292.14,152120.13,151229.05,145823.05,147395.7,149484.56,149927.06,145361.86,151800.92,147374.14,151986.63,142552.56,94518.16,100929.03,100340.53,112469.41,115503.64,113877.19,143406.0,144165.63,153937.67,88104.15,63506.48,18351.17,38495.86,41118.91,77126.81,119272.91,108810.05,98209.55,124180.63,221433.34,168357.58,130948.14,52253.63,96407.08,138919.73,37214.05,184021.84,48712.78,37114.84,101802.97,56103.63,158083.98,125692.55,127288.45,80248.07,80973.26,53668.18,81995.8,69320.16
Hesburger Võru,59082.2,58694.02,58491.9,57938.16,59081.39,58816.36,58666.08,0.0,55758.39,100582.14,140711.86,140010.22,142418.25,142472.38,270648.56,225270.14,181626.53,145243.14,222612.63,206365.3,210454.16,206599.16,198416.34,202750.11,207374.38,201945.3,206360.73,201897.47,208237.13,207527.77,208760.06,205106.8,209934.78,209043.7,203637.7,205210.36,207299.23,207741.72,203176.53,209615.59,205188.8,209801.28,200367.23,152332.81,158743.69,158155.19,163299.02,166333.25,164706.8,194235.61,194995.22,211752.33,93719.73,25063.42,59658.5,96310.52,83311.35,82742.41,177087.58,114425.64,149039.16,175010.23,257086.91,187237.78,188762.8,103083.23,102022.67,189749.33,40631.52,241836.5,106527.45,21762.11,152632.58,35833.52,215898.66,176522.14,141856.34,120324.15,138787.92,59269.29,139810.47,127134.82
Hesburger Valga Rimi,75630.72,75563.4,74534.21,72085.33,73434.73,74751.86,73865.34,55758.39,0.0,63173.32,93347.88,92646.24,95054.28,95108.41,223284.59,183678.77,144217.72,118286.23,178019.45,176938.42,179546.7,182370.36,192274.42,185647.02,186920.84,189180.05,184709.25,187736.17,182752.23,185587.45,183754.69,186047.8,184533.75,185804.58,185530.09,185174.92,185757.94,183515.67,185950.63,185434.44,185427.53,185109.45,188471.34,168268.31,174679.19,174090.69,185831.11,188865.34,187238.89,216767.7,217527.33,179010.91,55077.32,29298.47,55770.91,112246.02,114480.62,43966.64,166420.63,67061.67,171571.25,197542.33,215495.55,139873.81,191074.03,125615.33,54617.71,212281.44,37566.46,201642.86,88067.95,64193.53,175164.67,82417.08,178968.03,199054.25,94492.38,82915.34,154723.41,21860.47,109756.1,90137.38
Hesburger Viljandi,71929.23,71861.91,70832.73,68383.84,69733.24,71050.38,70163.86,100582.14,63173.32,0.0,58953.59,58251.94,60659.98,60714.11,188890.3,133756.19,80443.26,56482.72,114244.98,113163.96,115772.24,118595.89,130470.91,121872.55,123146.38,125405.58,120934.78,123961.71,118977.77,121812.98,119980.22,122273.34,120759.29,122030.12,121755.63,121400.46,121983.47,119741.21,122176.16,121659.97,121653.07,121334.99,126667.83,100255.83,115015.57,115402.93,141991.25,145025.48,143399.03,182451.84,183211.47,115236.44,30253.58,83601.38,53454.3,61114.63,102540.93,27791.45,104617.11,42066.35,127731.4,133274.2,165572.95,105479.51,129270.51,90777.34,39091.11,177314.39,62775.05,132808.53,37450.41,93391.62,131324.81,121629.66,115193.56,162997.03,57569.9,17654.08,91779.98,41312.86,47952.58,28333.87
Hesburger Pärnu Maxima,136861.64,136794.33,135765.14,133316.25,134665.64,135982.78,135096.27,140711.86,93347.88,58953.59,0.0,827.25,2961.74,1822.19,129998.38,90562.66,76814.2,72168.59,98421.35,106539.55,107652.03,110475.69,126324.24,113752.34,115026.16,117285.37,112814.57,115841.5,110857.55,113692.78,111860.01,114153.13,112639.08,113909.91,113635.42,113280.25,113863.26,111621.0,114055.95,113539.76,113532.86,113214.78,118760.63,115941.7,130701.45,131088.8,174888.45,177922.69,177909.28,216962.09,217721.7,107116.23,47578.23,122646.36,116923.97,108833.16,150259.45,58140.78,120008.82,27325.35,158571.22,148960.08,122379.45,46587.59,144662.22,138495.88,38912.64,213014.89,116868.78,108526.76,85168.95,148880.19,162164.64,167103.75,99446.96,198697.53,7580.03,59205.71,107465.84,81442.57,63631.45,65434.58
Hesburger Pärnu Kaubamajakas,136160.0,136092.67,135063.48,132614.61,133964.0,135281.14,134394.63,140010.22,92646.24,58251.94,827.25,0.0,2601.28,2573.64,130749.82,91225.77,77477.3,71459.3,99084.46,107202.66,108315.14,111138.79,126987.35,114415.44,115689.27,117948.47,113477.68,116504.61,111520.66,114355.88,112523.12,114816.23,113302.19,114573.02,114298.53,113943.36,114526.37,112284.11,114719.05,114202.87,114195.97,113877.88,119423.73,115232.41,129992.16,130379.52,174179.17,177213.41,177199.98,216252.81,217012.42,107779.34,46876.58,121944.72,116222.32,108123.88,149550.17,57439.13,119299.54,26623.71,157861.94,148250.8,123042.55,47339.04,143952.94,137786.59,38211.0,212305.61,116167.13,109189.87,84459.66,148178.55,161455.36,166402.09,100110.06,197988.25,6870.75,58496.43,106756.55,80740.93,62922.16,64725.29
Hesburger Pärnu Niidu Drive,138568.03,138500.72,137471.53,135022.64,136372.05,137689.17,136802.66,142418.25,95054.28,60659.98,2961.74,2601.28,0.0,2888.61,130429.15,88966.84,75218.38,73867.34,96825.53,104943.73,106056.21,108879.86,124728.42,112156.52,113430.34,115689.55,111218.75,114245.68,109261.73,112096.95,110264.19,112557.3,111043.26,112314.09,112039.6,111684.43,112267.44,110025.18,112460.13,111943.94,111937.04,111618.96,117164.8,117640.45,132400.2,132787.55,176587.2,179621.45,179608.03,218660.84,219420.47,105520.41,49284.62,124352.76,118630.36,110531.91,151958.22,59847.17,117857.34,29031.75,160269.98,150658.83,120783.62,46264.23,142510.73,140194.63,40619.04,214713.64,118575.17,106930.94,86867.7,150586.58,163863.39,168810.14,97851.13,200396.28,9278.79,60904.46,109164.59,83148.97,65330.2,67133.34
Hesburger Pärnu Port Artur,138622.16,138554.84,137525.66,135076.77,136426.17,137743.3,136856.8,142472.38,95108.41,60714.11,1822.19,2573.64,2888.61,0.0,128197.34,88761.23,75012.77,73929.11,96619.93,104738.12,105850.6,108674.26,124522.81,111950.91,113224.73,115483.94,111013.14,114040.07,109056.13,111891.35,110058.58,112351.7,110837.65,112108.48,111833.99,111478.82,112061.83,109819.57,112254.52,111738.33,111731.44,111413.35,116959.2,117702.22,132461.97,132849.33,176648.98,179683.22,179669.8,218722.63,219482.23,105314.8,49338.75,124406.88,118684.49,110593.68,152019.98,59901.3,117651.73,29085.88,160331.75,150720.59,120578.02,44786.16,142305.13,140256.39,40673.17,214775.41,118629.3,106725.33,86929.47,150640.72,163925.16,168864.27,97645.53,200458.06,9340.55,60966.23,109226.37,83203.09,65391.97,67195.1
Hesburger Kuressaare Auriga keskuses,266798.34,266731.03,265701.84,263252.97,264602.34,265919.5,265032.97,270648.56,223284.59,188890.3,129998.38,130749.82,130429.15,128197.34,0.0,87936.33,138072.28,183170.2,149153.31,162841.64,161303.92,166930.52,182800.33,171271.7,169206.25,173761.45,168486.42,172317.58,166014.63,167306.38,166375.41,170607.95,165101.73,165808.06,170111.5,169735.08,168449.11,167078.41,170532.03,165326.5,169945.17,165243.19,175236.7,204361.64,224504.77,225464.59,272985.34,276019.56,277564.88,315943.06,316702.69,160153.47,177514.94,252583.08,246860.67,224030.95,265457.25,188077.48,186612.7,157262.06,256668.11,254350.73,82425.02,81379.43,218702.84,253693.67,168849.36,311111.78,246805.48,147486.44,200366.73,278816.91,260261.52,297040.47,156030.56,296794.41,137516.75,189142.42,211017.83,211379.28,165941.8,179540.75
Hesburger Haapsalu,189433.69,189792.45,189101.41,188707.81,187608.31,188617.59,189616.56,225270.14,183678.77,133756.19,90562.66,91225.77,88966.84,88761.23,87936.33,0.0,66421.66,115710.17,61231.71,74920.04,73382.31,79008.91,94878.73,83350.1,81284.65,85839.84,80564.81,84395.98,78093.02,79384.77,78453.8,82686.35,77180.14,77886.45,82189.91,81813.48,80527.5,79156.8,82610.43,77404.9,82023.57,77321.58,87315.1,129396.81,149539.94,150499.77,198020.52,201054.75,202600.05,240978.25,241737.86,72231.87,137909.11,207030.56,183643.83,164685.7,217953.22,143860.58,99756.66,117656.23,181703.28,167494.7,31831.5,44637.54,135586.64,198029.7,129243.53,236146.95,194575.64,59564.84,140950.53,225879.98,185296.69,241696.72,68108.95,221829.59,91837.38,118473.88,144309.05,166000.84,108411.79,120788.84
Hesburger Rapla,123149.94,123508.7,122817.66,122424.06,121324.55,122333.85,123332.82,181626.53,144217.72,80443.26,76814.2,77477.3,75218.38,75012.77,138072.28,66421.66,0.0,49413.52,34238.41,32784.25,35392.54,38216.19,49873.66,41492.84,42766.67,45025.87,40555.07,43582.01,38598.06,41433.28,39600.52,41893.63,40379.58,41650.41,41375.93,41020.76,41603.77,39361.51,41796.45,41280.26,41273.37,40955.29,46501.13,76514.2,96657.34,97617.16,145137.91,148172.14,149717.44,188095.64,188855.25,34856.73,99104.79,164645.77,127265.05,98389.05,145073.38,108451.51,48695.37,89880.67,128820.67,116433.41,98238.44,57598.0,80785.52,130208.48,100588.8,183264.34,143107.38,52801.96,74666.78,159596.23,132414.08,175412.97,34813.86,168946.98,66026.58,62095.1,77261.16,122357.25,42128.04,64410.07
Hesburger Paide Drive-in,87245.6,87604.35,86913.32,89461.77,88427.23,86429.51,87428.48,145243.14,118286.23,56482.72,72168.59,71459.3,73867.34,73929.11,183170.2,115710.17,49413.52,0.0,80316.23,64486.71,72764.15,69742.05,74983.03,66168.47,72240.06,71576.14,72080.94,71895.52,70657.85,73072.51,71603.9,70072.57,72788.86,73926.38,68456.45,70034.02,73129.63,71139.55,68429.67,73770.59,70041.36,73328.15,71179.95,43841.48,58601.23,58988.59,102788.24,105822.48,105809.06,144861.89,145621.5,73816.23,82842.69,138714.28,89885.07,49096.0,95780.33,86101.12,49678.03,82025.27,86471.02,76859.87,147526.95,102695.91,74331.43,81000.19,91752.45,140914.69,109004.68,99540.1,35825.22,123691.89,90064.43,139508.64,73764.61,126597.32,64722.41,39744.71,35365.63,96425.77,8623.09,28603.9
Hesburger Keila Selver,164615.09,164973.84,164282.81,166831.25,165796.72,163799.0,164797.97,222612.63,178019.45,114244.98,98421.35,99084.46,96825.53,96619.93,149153.31,61231.71,34238.41,80316.23,0.0,18878.84,12293.4,17919.99,33789.81,22261.19,20195.73,24750.93,19475.9,23307.07,17004.11,18295.85,17364.89,21597.44,16091.22,16797.54,21100.99,20724.56,19438.59,18067.89,21521.51,16315.99,20934.66,16232.67,26226.19,77612.32,97755.45,98715.27,146236.02,149270.25,150815.56,189193.75,189953.38,11142.95,132906.52,198447.5,161066.78,131690.3,166168.72,142253.23,45830.84,125514.92,129918.78,113527.94,93048.48,79205.15,74497.73,146245.2,137102.22,184362.45,176909.09,19366.67,115374.33,201061.38,133512.2,216878.13,7020.04,170045.09,99696.07,95896.82,92524.55,156158.98,87944.46,98211.79
Hesburger Luige Drive-in,148367.75,148726.52,148035.47,150583.92,149549.39,147551.66,148550.63,206365.3,176938.42,113163.96,106539.55,107202.66,104943.73,104738.12,162841.64,74920.04,32784.25,64486.71,18878.84,0.0,9809.14,6787.04,22182.81,7733.5,11337.53,13003.91,9125.93,11560.04,7702.85,10117.5,8648.9,10464.49,9833.85,10971.37,9645.74,9591.61,10174.62,8184.54,9808.82,10815.58,9844.22,10373.15,14332.73,61364.98,81508.12,82467.94,129988.69,133022.92,134568.22,172946.42,173706.05,10303.56,131825.48,197366.47,153376.94,115442.96,149921.39,141172.2,28650.66,122601.37,113671.45,94131.27,106736.82,87323.34,62565.14,129997.88,133309.5,168115.13,172496.55,38102.72,99544.82,184814.05,117264.87,200630.78,12327.23,153797.77,98747.27,94815.8,76277.23,155077.95,72114.95,92095.77
Hesburger Tallinn Laagri,152456.61,152815.38,152124.34,154672.78,153638.25,151640.53,152639.5,210454.16,179546.7,115772.24,107652.03,108315.14,106056.21,105850.6,161303.92,73382.31,35392.54,72764.15,12293.4,9809.14,0.0,5697.96,21567.78,10039.16,9328.64,12528.9,7332.35,11085.04,4860.56,7084.42,5221.34,9375.41,5108.06,6378.89,8878.96,8502.53,7984.74,5924.34,9299.48,6008.74,8755.14,5683.76,14004.16,65453.85,85596.98,86556.8,134077.55,137111.78,138657.09,177035.28,177794.91,1369.79,134433.77,199974.75,161654.38,119531.83,154010.25,143780.48,33672.38,125209.65,117760.31,101305.91,105199.09,88435.82,62275.7,134086.73,135917.78,172203.98,178436.34,31517.28,107822.25,188902.91,121353.73,204719.66,5579.43,157886.63,101355.56,97424.08,80366.09,157686.23,80392.39,100373.2
Hesburger Tallinn Järve,148601.63,148960.38,148269.34,150817.78,149783.25,147785.53,148784.5,206599.16,182370.36,118595.89,110475.69,111138.79,108879.86,108674.26,166930.52,79008.91,38216.19,69742.05,17919.99,6787.04,5697.96,0.0,15914.69,4969.46,4621.37,6875.81,2409.77,5431.95,1675.3,3401.34,2274.23,3748.33,3569.13,4478.01,3225.87,2875.45,3458.46,1690.76,3646.4,4538.89,3128.06,4088.4,8351.07,61598.85,81741.98,82701.8,130222.55,133256.78,134802.09,173180.3,173939.91,6996.14,137257.42,202798.41,167020.48,115676.83,150155.27,146604.14,29817.38,128033.3,113905.32,95652.82,110825.69,91259.48,56622.61,130231.74,138741.44,168348.98,185883.36,37143.88,104800.16,185047.91,117498.73,200864.66,11206.02,154031.63,104179.21,100247.73,76511.09,160509.89,77370.29,97351.1
Hesburger Maardu,140418.8,140777.56,140086.53,142634.97,141600.44,139602.72,140601.67,198416.34,192274.42,130470.91,126324.24,126987.35,124728.42,124522.81,182800.33,94878.73,49873.66,74983.03,33789.81,22182.81,21567.78,15914.69,0.0,14683.34,15349.2,9095.56,15054.52,10579.35,17530.35,16035.17,17536.14,13065.02,18522.05,17584.04,12916.5,13711.32,15681.34,16541.75,12492.06,18157.25,13532.92,18388.54,7876.39,53416.04,73559.16,74518.98,120148.27,125073.97,126619.27,160353.33,161112.95,22865.96,148914.89,203992.97,158837.66,107494.01,141972.44,160089.31,21634.56,139690.77,105722.5,80709.32,126695.5,107108.04,41679.11,122048.92,150398.91,155051.28,177700.55,53025.59,101480.91,176865.09,109315.91,192681.84,27075.84,140733.94,115836.68,113732.9,68328.27,170413.95,82611.27,102592.09
Hesburger Peetri Selver,144752.56,145111.33,144420.3,146968.73,145934.2,143936.47,144935.44,202750.11,185647.02,121872.55,113752.34,114415.44,112156.52,111950.91,171271.7,83350.1,41492.84,66168.47,22261.19,7733.5,10039.16,4969.46,14683.34,0.0,6119.74,5504.44,5029.05,4060.57,6607.44,6196.08,7130.38,3952.24,8416.22,7712.02,2336.13,3913.69,6018.36,6151.06,2309.35,8283.9,3921.03,8469.59,6833.25,57749.8,77892.93,78852.75,126373.5,129407.73,130953.04,169331.23,170090.86,11337.34,140534.06,206075.06,163171.42,111827.77,146306.2,149880.78,25968.33,131309.95,110056.27,94095.88,115166.88,94536.13,55065.66,126382.69,142018.09,164499.94,182034.31,41485.07,101226.57,181198.86,113649.68,197015.59,15547.21,150182.58,107455.86,103524.38,72662.04,163786.53,73796.71,93777.52
Hesburger Tallinn Arsenali keskus,149376.84,149735.59,149044.56,151593.02,150558.47,148560.75,149559.72,207374.38,186920.84,123146.38,115026.16,115689.27,113430.34,113224.73,169206.25,81284.65,42766.67,72240.06,20195.73,11337.53,9328.64,4621.37,15349.2,6119.74,0.0,7073.7,2327.29,5584.62,4665.97,2350.72,4195.43,2359.14,4677.74,3485.23,3837.5,2344.23,1403.21,3691.35,4466.13,4058.44,2255.49,4308.74,8535.83,62374.07,82517.21,83477.02,130997.77,134032.02,135577.31,173955.52,174715.13,10422.28,141807.91,207348.89,167795.7,116452.05,150930.48,151154.63,30592.6,132583.78,114680.55,95629.37,113101.42,95809.96,56599.15,131006.96,143291.92,169124.22,186658.58,38926.77,107298.17,185823.14,118273.95,201639.88,14758.22,154806.86,108729.7,104798.22,77286.31,165060.38,79868.3,99849.12
Hesburger Tallinn Lasnamäe Centrum,143947.75,144306.52,143615.48,146163.92,145129.39,143131.66,144130.63,201945.3,189180.05,125405.58,117285.37,117948.47,115689.55,115483.94,173761.45,85839.84,45025.87,71576.14,24750.93,13003.91,12528.9,6875.81,9095.56,5504.44,7073.7,0.0,6571.92,1540.47,8513.79,7614.98,9017.94,4812.33,10101.86,9163.86,3869.92,5223.34,7261.16,7970.85,3453.18,9737.07,5154.42,9968.35,1673.18,56944.99,77088.12,78047.94,125568.69,128602.92,130148.23,168526.42,169286.05,13827.08,144067.09,207521.92,162366.61,111022.96,145501.39,153413.81,25163.51,134842.98,109251.45,88867.0,117656.63,98069.16,49836.78,125577.88,145551.13,163695.13,181229.5,44605.4,106634.24,180394.05,112844.87,196210.78,18036.96,149377.77,110988.89,107057.41,71857.23,167319.56,79204.38,99185.2
Hesburger Tallinn Kristiine keskus,148363.2,148721.95,148030.92,150579.36,149544.83,147547.11,148546.08,206360.73,184709.25,120934.78,112814.57,113477.68,111218.75,111013.14,168486.42,80564.81,40555.07,72080.94,19475.9,9125.93,7332.35,2409.77,15054.52,5029.05,2327.29,6571.92,0.0,5105.65,2507.82,1151.99,2569.19,2251.96,3578.47,2687.39,2768.11,1416.3,1151.82,1487.23,3396.74,3259.27,1583.16,3444.97,8047.18,61360.43,81503.56,82463.38,129984.13,133018.36,134563.67,172941.86,173701.48,8425.99,139596.31,205137.3,166782.05,115438.41,149916.83,148943.03,29578.95,130372.19,113666.9,95285.98,112381.59,93598.36,56255.77,129993.31,141080.33,168110.56,185644.94,38127.61,107139.04,184809.48,117260.31,200626.23,12761.93,153793.2,106518.1,102586.62,76272.66,162848.77,79709.18,99689.99
Hesburger Tallinn Lasnamäe Smuuli,143899.94,144258.69,143567.66,146116.09,145081.56,143083.84,144082.81,201897.47,187736.17,123961.71,115841.5,116504.61,114245.68,114040.07,172317.58,84395.98,43582.01,71895.52,23307.07,11560.04,11085.04,5431.95,10579.35,4060.57,5584.62,1540.47,5105.65,0.0,7069.92,6148.71,7551.66,3323.25,8635.58,7697.58,2426.05,3757.07,5794.88,6504.58,2009.32,8270.79,3665.34,8502.08,3020.26,56897.16,77040.3,78000.12,125520.87,128555.1,130100.4,168478.61,169238.22,12383.22,142623.23,208164.22,162318.8,110975.14,145453.56,151969.95,25115.69,133399.13,109203.63,90298.36,116212.76,96625.3,51268.14,125530.05,144107.25,163647.3,181181.67,43139.12,106953.62,180346.22,112797.05,196162.97,16593.1,149329.94,109545.03,105613.55,71809.4,165875.7,79523.76,99504.57
Hesburger Tallinn Magistral,150239.59,150598.34,149907.31,152455.77,151421.22,149423.5,150422.47,208237.13,182752.23,118977.77,110857.55,111520.66,109261.73,109056.13,166014.63,78093.02,38598.06,70657.85,17004.11,7702.85,4860.56,1675.3,17530.35,6607.44,4665.97,8513.79,2507.82,7069.92,0.0,2975.48,1113.41,4771.52,2241.96,3467.33,4863.85,3914.51,3435.08,1099.82,5284.37,3223.69,4102.72,2781.26,9989.05,63236.82,83379.96,84339.78,131860.53,134894.77,136440.06,174818.27,175577.88,5954.2,137639.3,203180.28,159548.08,117314.8,151793.23,146986.02,31455.35,128415.17,115543.3,97290.8,109909.8,91641.35,58260.59,131869.72,139123.31,169986.97,187521.33,36301.11,105715.96,186685.89,119136.71,202502.63,10290.13,155669.61,104561.09,100629.6,78149.06,160891.77,78286.09,98266.91
Hesburger Tallinn Merimetsa Selver,149530.22,149888.98,149197.95,151746.39,150711.86,148714.14,149713.11,207527.77,185587.45,121812.98,113692.78,114355.88,112096.95,111891.35,167306.38,79384.77,41433.28,73072.51,18295.85,10117.5,7084.42,3401.34,16035.17,6196.08,2350.72,7614.98,1151.99,6148.71,2975.48,0.0,2079.35,3232.69,2542.37,1591.7,3935.14,2459.36,1209.27,2134.46,4563.77,2164.9,2563.89,2408.86,9090.24,62527.46,82670.59,83630.41,131151.16,134185.39,135730.69,174108.89,174868.52,8178.06,140474.52,206015.5,167949.08,116605.44,151083.86,149821.23,30745.98,131250.39,114833.92,96266.63,111201.55,94476.57,57236.41,131160.34,141958.53,169277.59,186811.97,37033.23,108130.61,185976.52,118427.34,201793.27,12514.0,154960.23,107396.3,103464.83,77439.7,163726.98,80700.75,100681.56
Hesburger Tallinn Mustamäe,150762.53,151121.28,150430.25,152978.7,151944.16,149946.44,150945.41,208760.06,183754.69,119980.22,111860.01,112523.12,110264.19,110058.58,166375.41,78453.8,39600.52,71603.9,17364.89,8648.9,5221.34,2274.23,17536.14,7130.38,4195.43,9017.94,2569.19,7551.66,1113.41,2079.35,0.0,4733.67,1421.85,2597.5,5196.18,3960.34,2846.1,1158.49,5807.31,2369.93,4064.86,1919.44,10493.2,63759.77,83902.9,84862.72,132383.47,135417.7,136963.0,175341.2,176100.81,6314.98,138641.75,204182.73,169181.39,117837.74,152316.17,147988.47,31978.29,129417.63,116066.23,97767.6,110270.58,92643.8,58737.39,132392.66,140125.77,170509.91,188044.27,36018.44,106662.01,187208.83,119659.65,203025.56,10650.92,156192.55,105563.54,101632.06,78672.01,161894.22,79232.14,99212.95
Hesburger Tallinn Nautica Keskus,147109.27,147468.02,146776.98,149325.42,148290.89,146293.17,147292.14,205106.8,186047.8,122273.34,114153.13,114816.23,112557.3,112351.7,170607.95,82686.35,41893.63,70072.57,21597.44,10464.49,9375.41,3748.33,13065.02,3952.24,2359.14,4812.33,2251.96,3323.25,4771.52,3232.69,4733.67,0.0,5719.57,4781.57,1670.01,940.76,2717.33,3739.2,2278.02,5354.77,717.03,5586.06,6240.29,60106.49,80249.63,81209.45,128730.2,131764.42,133309.73,171687.94,172447.55,10553.55,140934.86,206475.84,165528.13,114184.47,148662.89,150281.58,28325.02,131710.75,112412.96,93345.19,114503.13,94936.92,54314.97,128739.38,142418.88,166856.63,184391.0,40223.11,105130.67,183555.55,116006.38,199372.3,14883.47,152539.27,107856.66,103925.18,75018.73,164187.33,77700.81,97681.63
Hesburger Tallinn Nurmenuku,151937.25,152296.0,151604.97,154153.42,153118.88,151121.16,152120.13,209934.78,184533.75,120759.29,112639.08,113302.19,111043.26,110837.65,165101.73,77180.14,40379.58,72788.86,16091.22,9833.85,5108.06,3569.13,18522.05,8416.22,4677.74,10101.86,3578.47,8635.58,2241.96,2542.37,1421.85,5719.57,0.0,1378.64,6342.16,4946.24,3685.1,2531.89,6970.79,1146.0,5050.77,703.57,11577.12,64934.48,85077.62,86037.43,133558.19,136592.42,138137.72,176515.92,177275.53,6201.7,139420.81,204961.8,170356.11,119012.46,153490.89,148767.53,33153.01,130196.7,117240.95,98753.51,108996.91,93422.87,59723.29,133567.38,140904.83,171684.63,189218.98,34898.91,107846.96,188383.55,120834.36,204200.28,10537.64,157367.27,106342.61,102411.13,79846.72,162673.28,80417.1,100397.91
Hesburger Tallinn Rocca Al Mare,151046.17,151404.92,150713.89,153262.34,152227.8,150230.08,151229.05,209043.7,185804.58,122030.12,113909.91,114573.02,112314.09,112108.48,165808.06,77886.45,41650.41,73926.38,16797.54,10971.37,6378.89,4478.01,17584.04,7712.02,3485.23,9163.86,2687.39,7697.58,3467.33,1591.7,2597.5,4781.57,1378.64,0.0,5451.08,4008.24,2728.52,2859.27,6079.71,660.25,4112.76,910.55,10639.12,64043.4,84186.53,85146.35,132667.09,135701.34,137246.64,175624.84,176384.45,7472.53,140691.64,206232.63,169465.03,118121.38,152599.81,150038.36,32261.93,131467.53,116349.87,97815.51,109703.23,94693.7,58785.29,132676.28,142175.66,170793.53,188327.91,35528.58,108984.48,187492.45,119943.28,203309.2,11808.47,156476.19,107613.44,103681.96,78955.64,163944.11,81554.62,101535.43
Hesburger Tallinn Sikupilli,145640.17,145998.92,145307.89,147856.34,146821.8,144824.08,145823.05,203637.7,185530.09,121755.63,113635.42,114298.53,112039.6,111833.99,170111.5,82189.91,41375.93,68456.45,21100.99,9645.74,8878.96,3225.87,12916.5,2336.13,3837.5,3869.92,2768.11,2426.05,4863.85,3935.14,5196.18,1670.01,6342.16,5451.08,0.0,1631.45,3736.13,4149.1,682.52,6022.96,1638.8,6208.66,5345.18,58637.4,78780.53,79740.35,127261.1,130295.34,131840.64,170218.84,170978.45,10177.14,140417.16,205958.14,164059.03,112715.38,147193.81,149763.88,26855.93,131193.05,110943.87,92623.27,114006.68,94419.22,53593.05,127270.29,141901.17,165387.53,182921.91,40891.3,103514.56,182086.45,114537.28,197903.2,14387.02,151070.17,107338.95,103407.48,73549.64,163669.63,76084.7,96065.52
Hesburger Tallinn Solaris Keskus,147212.83,147571.58,146880.55,149428.98,148394.45,146396.73,147395.7,205210.36,185174.92,121400.46,113280.25,113943.36,111684.43,111478.82,169735.08,81813.48,41020.76,70034.02,20724.56,9591.61,8502.53,2875.45,13711.32,3913.69,2344.23,5223.34,1416.3,3757.07,3914.51,2459.36,3960.34,940.76,4946.24,4008.24,1631.45,0.0,2105.54,2903.54,2260.08,4581.45,324.51,4812.73,6698.6,60210.05,80353.19,81313.01,128833.75,131867.98,133413.3,171791.48,172551.11,9696.54,140061.98,205602.97,165631.67,114288.03,148766.45,149408.7,28428.58,130837.87,112516.52,93942.78,113630.25,94064.05,54912.57,128842.94,141546.0,166960.19,184494.56,39449.78,105092.12,183659.11,116109.94,199475.86,14010.59,152642.83,106983.78,103052.3,75122.29,163314.45,77662.25,97643.07
Hesburger Tallinn Sõle,149301.69,149660.45,148969.41,151517.86,150483.33,148485.59,149484.56,207299.23,185757.94,121983.47,113863.26,114526.37,112267.44,112061.83,168449.11,80527.5,41603.77,73129.63,19438.59,10174.62,7984.74,3458.46,15681.34,6018.36,1403.21,7261.16,1151.82,5794.88,3435.08,1209.27,2846.1,2717.33,3685.1,2728.52,3736.13,2105.54,0.0,2460.46,4364.75,3301.73,2210.06,3551.59,8736.42,62298.92,82442.05,83401.88,130922.63,133956.86,135502.16,173880.36,174639.98,9078.38,140645.0,206185.98,167720.55,116376.9,150855.33,149991.72,30517.45,131420.88,114605.39,95912.8,112344.27,94647.05,56882.59,130931.81,142129.02,169049.06,186583.42,38170.06,108187.73,185747.98,118198.8,201564.72,13414.32,154731.7,107566.79,103635.31,77211.16,163897.47,80757.87,100738.68
Hesburger Tallinn Sõpruse,149744.19,150102.94,149411.91,151960.36,150925.81,148928.09,149927.06,207741.72,183515.67,119741.21,111621.0,112284.11,110025.18,109819.57,167078.41,79156.8,39361.51,71139.55,18067.89,8184.54,5924.34,1690.76,16541.75,6151.06,3691.35,7970.85,1487.23,6504.58,1099.82,2134.46,1158.49,3739.2,2531.89,2859.27,4149.1,2903.54,2460.46,0.0,4777.73,3380.57,3070.39,3019.39,9446.11,62741.41,82884.55,83844.37,131365.11,134399.36,135944.66,174322.86,175082.47,7017.98,138402.73,203943.72,168163.05,116819.39,151297.83,147749.45,30959.94,129178.62,115047.88,96724.2,110973.59,92404.8,57693.99,131374.31,139886.75,169491.55,187025.92,37073.44,106197.65,186190.47,118641.3,202007.22,11353.92,155174.2,105324.53,101393.05,77653.66,161655.2,78767.79,98748.6
Hesburger Tallinn T1,145178.98,145537.75,144846.72,147395.16,146360.63,144362.89,145361.86,203176.53,185950.63,122176.16,114055.95,114719.05,112460.13,112254.52,170532.03,82610.43,41796.45,68429.67,21521.51,9808.82,9299.48,3646.4,12492.06,2309.35,4466.13,3453.18,3396.74,2009.32,5284.37,4563.77,5807.31,2278.02,6970.79,6079.71,682.52,2260.08,4364.75,4777.73,0.0,6651.59,2267.43,6837.29,4928.44,58176.22,78319.35,79279.17,126799.92,129834.16,131379.45,169757.66,170517.28,10597.66,140837.69,206378.67,163597.84,112254.2,146732.63,150184.41,26394.75,131613.56,110482.69,92230.2,114427.2,94839.74,53199.98,126809.11,142321.7,164926.36,182460.72,41519.93,103487.77,181625.28,114076.1,197442.02,14807.54,150609.0,107759.48,103828.0,73088.46,164090.16,76057.91,96038.73
Hesburger Tallinn Unibet Arena,151618.05,151976.8,151285.77,153834.22,152799.67,150801.95,151800.92,209615.59,185434.44,121659.97,113539.76,114202.87,111943.94,111738.33,165326.5,77404.9,41280.26,73770.59,16315.99,10815.58,6008.74,4538.89,18157.25,8283.9,4058.44,9737.07,3259.27,8270.79,3223.69,2164.9,2369.93,5354.77,1146.0,660.25,6022.96,4581.45,3301.73,3380.57,6651.59,0.0,4685.97,515.24,11212.33,64615.28,84758.41,85718.23,133238.98,136273.22,137818.52,176196.72,176956.34,7102.38,140321.5,205862.48,170036.91,118693.26,153171.69,149668.22,32833.81,131097.38,116921.75,98388.71,109221.68,94323.55,59358.5,133248.17,141805.52,171365.42,188899.78,34985.72,108828.69,188064.34,120515.16,203881.08,11438.32,157048.06,107243.29,103311.8,79527.52,163573.95,81398.83,101379.64
Hesburger Tallinn Viru tn.,147191.27,147550.02,146858.98,149407.44,148372.89,146375.17,147374.14,205188.8,185427.53,121653.07,113532.86,114195.97,111937.04,111731.44,169945.17,82023.57,41273.37,70041.36,20934.66,9844.22,8755.14,3128.06,13532.92,3921.03,2255.49,5154.42,1583.16,3665.34,4102.72,2563.89,4064.86,717.03,5050.77,4112.76,1638.8,324.51,2210.06,3070.39,2267.43,4685.97,0.0,4917.26,6616.93,60188.49,80331.63,81291.45,128812.2,131846.42,133391.73,171769.94,172529.55,9884.75,140314.59,205855.58,165610.13,114266.47,148744.91,149661.31,28407.02,131090.48,112494.96,93764.38,113840.34,94316.66,54734.17,128821.38,141798.61,166938.63,184473.0,39554.3,105099.46,183637.55,116088.38,199454.3,14220.68,152621.27,107236.39,103304.91,75100.73,163567.06,77669.6,97650.41
Hesburger Tallinn Õismäe Maxima,151803.75,152162.5,151471.47,154019.91,152985.38,150987.66,151986.63,209801.28,185109.45,121334.99,113214.78,113877.88,111618.96,111413.35,165243.19,77321.58,40955.29,73328.15,16232.67,10373.15,5683.76,4088.4,18388.54,8469.59,4308.74,9968.35,3444.97,8502.08,2781.26,2408.86,1919.44,5586.06,703.57,910.55,6208.66,4812.73,3551.59,3019.39,6837.29,515.24,4917.26,0.0,11443.61,64800.97,84944.11,85903.93,133424.67,136458.91,138004.22,176382.41,177142.03,6777.4,139996.52,205537.5,170222.59,118878.95,153357.38,149343.23,33019.5,130772.4,117107.45,98620.0,109138.36,93998.57,59589.79,133433.86,141480.53,171551.11,189085.48,35218.61,108386.26,188250.03,120700.86,204066.78,11113.34,157233.75,106918.3,102986.83,79713.21,163248.98,80956.39,100937.2
Hesburger Tallinn Ümera,142369.69,142728.45,142037.42,144585.86,143551.33,141553.61,142552.56,200367.23,188471.34,126667.83,118760.63,119423.73,117164.8,116959.2,175236.7,87315.1,46501.13,71179.95,26226.19,14332.73,14004.16,8351.07,7876.39,6833.25,8535.83,1673.18,8047.18,3020.26,9989.05,9090.24,10493.2,6240.29,11577.12,10639.12,5345.18,6698.6,8736.42,9446.11,4928.44,11212.33,6616.93,11443.61,0.0,55366.93,75510.05,76469.88,123990.63,127024.86,128570.16,166948.36,167707.98,15302.34,145542.36,205943.86,160788.55,109444.9,143923.33,154889.08,23585.45,136318.25,107673.39,87288.94,119131.88,99544.42,48258.72,123999.81,147026.38,162117.06,179651.44,46080.66,106238.06,178815.98,111266.8,194632.73,19512.22,147799.7,112464.16,108532.67,70279.16,166610.88,78808.2,98789.01
Hesburger Tapa Drive-in,94335.28,94694.03,94003.0,96551.45,95516.91,93519.19,94518.16,152332.81,168268.31,100255.83,115941.7,115232.41,117640.45,117702.22,204361.64,129396.81,76514.2,43841.48,77612.32,61364.98,65453.85,61598.85,53416.04,57749.8,62374.07,56944.99,61360.43,56897.16,63236.82,62527.46,63759.77,60106.49,64934.48,64043.4,58637.4,60210.05,62298.92,62741.41,58176.22,64615.28,60188.49,64800.97,55366.93,0.0,21848.67,22808.49,70329.23,73363.48,74908.77,113286.98,114046.59,66752.03,126615.79,157909.45,112754.13,58633.69,88589.41,129874.23,32087.27,125798.38,54012.0,40701.98,161213.59,123887.35,36582.34,68665.9,135525.56,108455.67,131617.02,96836.2,61505.48,130781.57,57605.42,146598.31,70898.34,94138.32,108495.52,83517.82,14945.25,131326.83,52396.2,72377.01
Hesburger Rakvere Põhjakeskus,100746.16,101104.91,100413.88,102962.32,101927.78,99930.06,100929.03,158743.69,174679.19,115015.57,130701.45,129992.16,132400.2,132461.97,224504.77,149539.94,96657.34,58601.23,97755.45,81508.12,85596.98,81741.98,73559.16,77892.93,82517.21,77088.12,81503.56,77040.3,83379.96,82670.59,83902.9,80249.63,85077.62,84186.53,78780.53,80353.19,82442.05,82884.55,78319.35,84758.41,80331.63,84944.11,75510.05,21848.67,0.0,2725.5,50109.76,53143.99,54689.29,93067.49,93827.11,86895.16,141375.53,164320.33,119165.02,65044.57,77871.26,144633.97,52230.4,140558.13,33792.52,20482.51,181356.72,144030.48,42718.63,57947.74,150285.31,88236.2,138027.89,116979.33,76265.23,137192.44,37385.94,146223.8,91041.48,73918.84,123255.27,98277.56,24043.27,146086.58,67155.94,87136.76
Hesburger Rakvere Vaala Keskus,100157.66,100516.41,99825.38,102373.83,101339.29,99341.56,100340.53,158155.19,174090.69,115402.93,131088.8,130379.52,132787.55,132849.33,225464.59,150499.77,97617.16,58988.59,98715.27,82467.94,86556.8,82701.8,74518.98,78852.75,83477.02,78047.94,82463.38,78000.12,84339.78,83630.41,84862.72,81209.45,86037.43,85146.35,79740.35,81313.01,83401.88,83844.37,79279.17,85718.23,81291.45,85903.93,76469.88,22808.49,2725.5,0.0,47775.56,50809.8,52355.1,90733.3,91492.91,87854.98,141762.89,163731.83,118576.52,64456.07,77282.76,145021.33,53190.22,140945.48,31458.33,18148.31,182316.53,144990.3,43678.45,57359.24,150672.67,85902.0,137439.39,117939.15,76652.58,136603.95,35051.74,145635.3,92001.3,71584.64,123642.63,98664.92,24430.63,146473.92,67543.3,87524.11
Hesburger Kohtla-Järve Vironia Keskus,110660.13,111093.7,111483.21,114178.2,113468.16,111108.69,112469.41,163299.02,185831.11,141991.25,174888.45,174179.17,176587.2,176648.98,272985.34,198020.52,145137.91,102788.24,146236.02,129988.69,134077.55,130222.55,120148.27,126373.5,130997.77,125568.69,129984.13,125520.87,131860.53,131151.16,132383.47,128730.2,133558.19,132667.09,127261.1,128833.75,130922.63,131365.11,126799.92,133238.98,128812.2,133424.67,123990.63,70329.23,50109.76,47775.56,0.0,7372.66,9126.25,44651.15,45410.77,135375.73,169685.13,175472.25,130316.93,80975.9,80171.09,167223.0,100710.97,184745.14,16823.75,41223.05,229837.28,192511.05,80748.2,60247.57,178522.66,39349.11,149179.81,165459.91,104670.17,141747.77,13283.48,148523.63,139522.05,25031.75,167442.28,136323.78,68495.03,165633.94,111342.95,125395.87
Hesburger Jõhvi,113694.36,114127.94,114517.45,117212.45,116502.39,114142.92,115503.64,166333.25,188865.34,145025.48,177922.69,177213.41,179621.45,179683.22,276019.56,201054.75,148172.14,105822.48,149270.25,133022.92,137111.78,133256.78,125073.97,129407.73,134032.02,128602.92,133018.36,128555.1,134894.77,134185.39,135417.7,131764.42,136592.42,135701.34,130295.34,131867.98,133956.86,134399.36,129834.16,136273.22,131846.42,136458.91,127024.86,73363.48,53143.99,50809.8,7372.66,0.0,1870.89,40079.07,40838.69,138409.97,172719.36,178506.48,133351.17,84010.13,83205.32,170257.23,103745.2,187779.38,19857.99,47097.16,232871.53,195545.28,86622.31,63281.8,181556.89,35092.23,152214.05,168494.14,107704.41,144782.0,16317.71,151557.86,142556.28,20774.87,170476.52,139358.02,71529.27,168668.17,114377.19,128430.11
Hesburger Ahtme Maxima,112067.91,112501.48,112890.99,115585.99,114875.95,112516.48,113877.19,164706.8,187238.89,143399.03,177909.28,177199.98,179608.03,179669.8,277564.88,202600.05,149717.44,105809.06,150815.56,134568.22,138657.09,134802.09,126619.27,130953.04,135577.31,130148.23,134563.67,130100.4,136440.06,135730.69,136963.0,133309.73,138137.72,137246.64,131840.64,133413.3,135502.16,135944.66,131379.45,137818.52,133391.73,138004.22,128570.16,74908.77,54689.29,52355.1,9126.25,1870.89,0.0,39921.8,40681.41,139955.27,171092.91,176880.03,131724.72,82383.69,81578.88,168630.78,105290.51,187765.97,21403.29,48642.46,234416.83,197090.59,88167.61,61655.36,179930.44,33958.27,150587.59,170039.44,106077.96,143155.55,17863.01,149931.42,144101.58,19640.92,170463.09,137731.58,73074.56,167041.72,114363.77,126803.66
Hesburger Narva Fama Keskus,141596.72,142030.3,142419.81,145114.81,144404.77,142045.28,143406.0,194235.61,216767.7,182451.84,216962.09,216252.81,218660.84,218722.63,315943.06,240978.25,188095.64,144861.89,189193.75,172946.42,177035.28,173180.3,160353.33,169331.23,173955.52,168526.42,172941.86,168478.61,174818.27,174108.89,175341.2,171687.94,176515.92,175624.84,170218.84,171791.48,173880.36,174322.86,169757.66,176196.72,171769.94,176382.41,166948.36,113286.98,93067.49,90733.3,44651.15,40079.07,39921.8,0.0,1367.02,178333.47,210145.72,206408.84,161253.53,121436.51,111107.69,207683.59,143668.7,226818.78,59781.49,81428.12,272795.03,235468.8,120953.27,91184.17,218983.27,10127.7,180116.41,208417.64,145130.78,172684.36,56241.21,179460.23,182479.78,21516.72,209515.92,176784.39,111452.77,196570.53,153416.59,165856.48
Hesburger Narva Juuli,142356.34,142789.92,143179.42,145874.42,145164.38,142804.91,144165.63,194995.22,217527.33,183211.47,217721.7,217012.42,219420.47,219482.23,316702.69,241737.86,188855.25,145621.5,189953.38,173706.05,177794.91,173939.91,161112.95,170090.86,174715.13,169286.05,173701.48,169238.22,175577.88,174868.52,176100.81,172447.55,177275.53,176384.45,170978.45,172551.11,174639.98,175082.47,170517.28,176956.34,172529.55,177142.03,167707.98,114046.59,93827.11,91492.91,45410.77,40838.69,40681.41,1367.02,0.0,179093.08,210905.34,207168.45,162013.14,122196.12,111867.3,208443.22,144428.33,227578.39,60541.11,82187.73,273554.66,236228.41,121712.88,91943.78,219742.88,11086.99,180876.03,209177.25,145890.39,173443.98,57000.83,180219.84,183239.41,22276.34,210275.53,177544.0,112212.38,197330.16,154176.2,166616.09
Hesburger Narva Pähklimägi,153754.8,154113.55,153422.52,155970.97,154936.42,152938.7,153937.67,211752.33,179010.91,115236.44,107116.23,107779.34,105520.41,105314.8,160153.47,72231.87,34856.73,73816.23,11142.95,10303.56,1369.79,6996.14,22865.96,11337.34,10422.28,13827.08,8425.99,12383.22,5954.2,8178.06,6314.98,10553.55,6201.7,7472.53,10177.14,9696.54,9078.38,7017.98,10597.66,7102.38,9884.75,6777.4,15302.34,66752.03,86895.16,87854.98,135375.73,138409.97,139955.27,178333.47,179093.08,0.0,133897.97,199438.95,162058.23,120830.01,155308.44,143244.69,34970.55,124673.85,119058.49,102604.09,104048.65,87900.02,63573.88,135384.92,135381.98,173502.17,177900.55,30366.84,108874.34,190201.09,122651.91,206017.83,4428.98,159184.81,100819.76,96888.28,81664.27,157150.44,81444.48,101425.29
Abja-Paluoja,89869.52,89802.2,88773.02,86324.13,87673.52,88990.66,88104.15,93719.73,55077.32,30253.58,47578.23,46876.58,49284.62,49338.75,177514.94,137909.11,99104.79,82842.69,132906.52,131825.48,134433.77,137257.42,148914.89,140534.06,141807.91,144067.09,139596.31,142623.23,137639.3,140474.52,138641.75,140934.86,139420.81,140691.64,140417.16,140061.98,140645.0,138402.73,140837.69,140321.5,140314.59,139996.52,145542.36,126615.79,141375.53,141762.89,169685.13,172719.36,171092.91,210145.72,210905.34,133897.97,0.0,75480.16,69931.84,88808.5,128719.42,11148.66,130977.08,21292.01,155425.27,159634.17,169725.89,94104.15,155630.47,118471.22,8889.04,205008.27,69876.66,155873.2,65570.91,101888.07,159018.69,120111.63,133855.09,190690.91,48722.72,45549.56,118139.94,34450.45,74312.55,58364.12
Antsla,65271.85,65204.54,64175.35,61726.46,63075.86,64393.0,63506.48,25063.42,29298.47,83601.38,122646.36,121944.72,124352.76,124406.88,252583.08,207030.56,164645.77,138714.28,198447.5,197366.47,199974.75,202798.41,203992.97,206075.06,207348.89,207521.92,205137.3,208164.22,203180.28,206015.5,204182.73,206475.84,204961.8,206232.63,205958.14,205602.97,206185.98,203943.72,206378.67,205862.48,205855.58,205537.5,205943.86,157909.45,164320.33,163731.83,175472.25,178506.48,176880.03,206408.84,207168.45,199438.95,75480.16,0.0,45412.05,101887.15,104121.75,64502.83,182664.2,96360.15,161212.39,187183.47,238847.34,169172.28,194339.44,115256.46,83916.19,201922.56,26385.07,217011.05,90752.74,39785.54,164805.81,57295.14,199396.08,188695.38,123790.85,103343.38,144364.55,42288.52,130184.15,110565.43
Elva,20116.54,20049.22,19020.04,16571.15,17920.55,19237.68,18351.17,59658.5,55770.91,53454.3,116923.97,116222.32,118630.36,118684.49,246860.67,183643.83,127265.05,89885.07,161066.78,153376.94,161654.38,167020.48,158837.66,163171.42,167795.7,162366.61,166782.05,162318.8,159548.08,167949.08,169181.39,165528.13,170356.11,169465.03,164059.03,165631.67,167720.55,168163.05,163597.84,170036.91,165610.13,170222.59,160788.55,112754.13,119165.02,118576.52,130316.93,133351.17,131724.72,161253.53,162013.14,162058.23,69931.84,45412.05,0.0,56731.84,58966.44,58954.51,137508.89,90637.75,116057.08,142028.16,215460.61,163449.89,149184.13,70101.15,78234.78,156767.25,19119.62,179630.33,49175.21,40522.18,119650.49,69816.98,162015.36,143540.06,118068.46,65484.34,99209.23,35495.87,81354.93,62069.48
Jõgeva,38312.98,38671.73,37980.7,40529.15,39494.61,37496.89,38495.86,96310.52,112246.02,61114.63,108833.16,108123.88,110531.91,110593.68,224030.95,164685.7,98389.05,49096.0,131690.3,115442.96,119531.83,115676.83,107494.01,111827.77,116452.05,111022.96,115438.41,110975.14,117314.8,116605.44,117837.74,114184.47,119012.46,118121.38,112715.38,114288.03,116376.9,116819.39,112254.2,118693.26,114266.47,118878.95,109444.9,58633.69,65044.57,64456.07,80975.9,84010.13,82383.69,121436.51,122196.12,120830.01,88808.5,101887.15,56731.84,0.0,45774.44,86346.38,86165.25,102838.13,66716.05,81876.77,196502.48,143556.67,95063.68,29762.0,97646.03,116299.05,75594.72,150914.17,23793.56,74759.27,70309.46,90576.02,124976.32,101981.7,101386.98,55447.17,45088.79,92048.84,57501.37,44519.25
Kallaste,39309.63,39743.21,40132.72,42827.71,42117.67,39758.2,41118.91,83311.35,114480.62,102540.93,150259.45,149550.17,151958.22,152019.98,265457.25,217953.22,145073.38,95780.33,166168.72,149921.39,154010.25,150155.27,141972.44,146306.2,150930.48,145501.39,149916.83,145453.56,151793.23,151083.86,152316.17,148662.89,153490.89,152599.81,147193.81,148766.45,150855.33,151297.83,146732.63,153171.69,148744.91,153357.38,143923.33,88589.41,77871.26,77282.76,80171.09,83205.32,81578.88,111107.69,111867.3,155308.44,128719.42,104121.75,58966.44,45774.44,0.0,117742.09,120643.68,149425.33,65911.23,91882.31,249770.0,184982.97,118154.98,19955.31,137022.36,106621.41,77829.32,185392.61,65219.86,61760.1,69504.65,68535.97,159454.75,93394.23,142813.28,96873.47,77947.03,94283.45,104185.7,85945.55
Karksi-Nuia,78892.19,78824.87,77795.68,75346.8,76696.2,78013.33,77126.81,82742.41,43966.64,27791.45,58140.78,57439.13,59847.17,59901.3,188077.48,143860.58,108451.51,86101.12,142253.23,141172.2,143780.48,146604.14,160089.31,149880.78,151154.63,153413.81,148943.03,151969.95,146986.02,149821.23,147988.47,150281.58,148767.53,150038.36,149763.88,149408.7,149991.72,147749.45,150184.41,149668.22,149661.31,149343.23,154889.08,129874.23,144633.97,145021.33,167223.0,170257.23,168630.78,207683.59,208443.22,143244.69,11148.66,64502.83,58954.51,86346.38,117742.09,0.0,134235.52,31854.56,152963.14,162892.61,175677.34,104666.7,158888.91,116009.09,19451.59,202546.14,58899.32,161824.67,63108.78,90910.73,156556.56,109134.3,143201.81,188228.78,59285.27,46161.6,121398.37,23473.12,77570.98,55902.0
Kehra,119090.04,119448.8,118757.76,121306.21,120271.67,118273.95,119272.91,177087.58,166420.63,104617.11,120008.82,119299.54,117857.34,117651.73,186612.7,99756.66,48695.37,49678.03,45830.84,28650.66,33672.38,29817.38,21634.56,25968.33,30592.6,25163.51,29578.95,25115.69,31455.35,30745.98,31978.29,28325.02,33153.01,32261.93,26855.93,28428.58,30517.45,30959.94,26394.75,32833.81,28407.02,33019.5,23585.45,32087.27,52230.4,53190.22,100710.97,103745.2,105290.51,143668.7,144428.33,34970.55,130977.08,182664.2,137508.89,86165.25,120643.68,134235.52,0.0,130159.67,84393.73,69269.22,131573.44,106138.41,33621.32,100720.16,139886.84,138837.41,156371.78,65054.73,80152.15,155536.33,87987.15,171353.08,39116.87,124520.05,112562.65,87879.1,46999.51,144560.16,56757.48,76738.3
Kilingi-Nõmme,110575.42,110508.11,109478.92,107030.03,108379.43,109696.56,108810.05,114425.64,67061.67,42066.35,27325.35,26623.71,29031.75,29085.88,157262.06,117656.23,89880.67,82025.27,125514.92,122601.37,125209.65,128033.3,139690.77,131309.95,132583.78,134842.98,130372.19,133399.13,128415.17,131250.39,129417.63,131710.75,130196.7,131467.53,131193.05,130837.87,131420.88,129178.62,131613.56,131097.38,131090.48,130772.4,136318.25,125798.38,140558.13,140945.48,184745.14,187779.38,187765.97,226818.78,227578.39,124673.85,21292.01,96360.15,90637.75,102838.13,149425.33,31854.56,130159.67,0.0,168427.91,158816.77,149473.02,73851.28,154813.06,132500.84,12626.43,222871.58,90582.56,135620.33,79173.91,122593.98,172021.33,140817.53,126540.53,208554.22,28469.84,54816.79,117322.53,55156.36,73495.14,61045.65
Kiviõli,96400.27,96833.85,97223.36,99918.36,99208.3,96848.84,98209.55,149039.16,171571.25,127731.4,158571.22,157861.94,160269.98,160331.75,256668.11,181703.28,128820.67,86471.02,129918.78,113671.45,117760.31,113905.32,105722.5,110056.27,114680.55,109251.45,113666.9,109203.63,115543.3,114833.92,116066.23,112412.96,117240.95,116349.87,110943.87,112516.52,114605.39,115047.88,110482.69,116921.75,112494.96,117107.45,107673.39,54012.0,33792.52,31458.33,16823.75,19857.99,21403.29,59781.49,60541.11,119058.49,155425.27,161212.39,116057.08,66716.05,65911.23,152963.14,84393.73,168427.91,0.0,28640.88,213520.06,176193.81,68166.02,45987.72,164262.8,54950.19,134919.95,149142.67,90410.32,127487.91,4099.93,134263.78,123204.81,40632.83,151125.05,126147.34,52177.8,151374.08,95025.72,115006.53
Kunda,122371.35,122804.93,123194.44,125889.44,125179.38,122819.91,124180.63,175010.23,197542.33,133274.2,148960.08,148250.8,150658.83,150720.59,254350.73,167494.7,116433.41,76859.87,113527.94,94131.27,101305.91,95652.82,80709.32,94095.88,95629.37,88867.0,95285.98,90298.36,97290.8,96266.63,97767.6,93345.19,98753.51,97815.51,92623.27,93942.78,95912.8,96724.2,92230.2,98388.71,93764.38,98620.0,87288.94,40701.98,20482.51,18148.31,41223.05,47097.16,48642.46,81428.12,82187.73,102604.09,159634.17,187183.47,142028.16,81876.77,91882.31,162892.61,69269.22,158816.77,28640.88,0.0,199311.48,173876.45,41309.25,71958.8,168543.94,76126.07,160891.03,133257.05,94523.86,153458.98,31339.11,160234.86,106813.97,61808.71,141513.91,116536.2,42301.91,164345.2,85414.58,105395.39
Kärdla,221250.47,221609.22,220918.19,220524.59,219425.09,220434.38,221433.34,257086.91,215495.55,165572.95,122379.45,123042.55,120783.62,120578.02,82425.02,31831.5,98238.44,147526.95,93048.48,106736.82,105199.09,110825.69,126695.5,115166.88,113101.42,117656.63,112381.59,116212.76,109909.8,111201.55,110270.58,114503.13,108996.91,109703.23,114006.68,113630.25,112344.27,110973.59,114427.2,109221.68,113840.34,109138.36,119131.88,161213.59,181356.72,182316.53,229837.28,232871.53,234416.83,272795.03,273554.66,104048.65,169725.89,238847.34,215460.61,196502.48,249770.0,175677.34,131573.44,149473.02,213520.06,199311.48,0.0,77101.73,167403.42,229846.47,161060.31,267963.72,226392.42,91381.61,172767.31,257696.77,217113.47,273513.5,99925.73,253646.36,123654.16,150290.66,176125.83,197817.63,140228.56,152605.63
Lihula,168174.7,168533.45,167842.42,167448.83,166349.31,167358.61,168357.58,187237.78,139873.81,105479.51,46587.59,47339.04,46264.23,44786.16,81379.43,44637.54,57598.0,102695.91,79205.15,87323.34,88435.82,91259.48,107108.04,94536.13,95809.96,98069.16,93598.36,96625.3,91641.35,94476.57,92643.8,94936.92,93422.87,94693.7,94419.22,94064.05,94647.05,92404.8,94839.74,94323.55,94316.66,93998.57,99544.42,123887.35,144030.48,144990.3,192511.05,195545.28,197090.59,235468.8,236228.41,87900.02,94104.15,169172.28,163449.89,143556.67,184982.97,104666.7,106138.41,73851.28,176193.81,173876.45,77101.73,0.0,138228.56,173219.39,85438.57,230637.48,163394.7,76623.52,119892.45,195406.11,179787.23,220437.73,80230.75,216320.13,54105.96,96751.49,130543.55,127968.5,85467.52,99066.46
Loksa,130765.27,131124.02,130432.99,132981.44,131946.89,129949.18,130948.14,188762.8,191074.03,129270.51,144662.22,143952.94,142510.73,142305.13,218702.84,135586.64,80785.52,74331.43,74497.73,62565.14,62275.7,56622.61,41679.11,55065.66,56599.15,49836.78,56255.77,51268.14,58260.59,57236.41,58737.39,54314.97,59723.29,58785.29,53593.05,54912.57,56882.59,57693.99,53199.98,59358.5,54734.17,59589.79,48258.72,36582.34,42718.63,43678.45,80748.2,86622.31,88167.61,120953.27,121712.88,63573.88,155630.47,194339.44,149184.13,95063.68,118154.98,158888.91,33621.32,154813.06,68166.02,41309.25,167403.42,138228.56,0.0,98231.47,164540.25,115651.22,168047.0,94226.83,98077.73,167211.56,70864.26,183028.3,67783.76,101333.86,137216.05,112532.5,51375.24,169213.56,81410.88,101391.69
Mustvee,50444.34,50877.92,51267.43,53962.43,53252.38,50892.91,52253.63,103083.23,125615.33,90777.34,138495.88,137786.59,140194.63,140256.39,253693.67,198029.7,130208.48,81000.19,146245.2,129997.88,134086.73,130231.74,122048.92,126382.69,131006.96,125577.88,129993.31,125530.05,131869.72,131160.34,132392.66,128739.38,133567.38,132676.28,127270.29,128842.94,130931.81,131374.31,126809.11,133248.17,128821.38,133433.86,123999.81,68665.9,57947.74,57359.24,60247.57,63281.8,61655.36,91184.17,91943.78,135384.92,118471.22,115256.46,70101.15,29762.0,19955.31,116009.09,100720.16,132500.84,45987.72,71958.8,229846.47,173219.39,98231.47,0.0,127308.75,86697.89,88964.03,165469.09,53456.27,81531.98,49581.13,88307.85,139531.23,73470.7,131049.7,85109.88,58023.51,105418.16,89554.9,74181.97
Mõisaküla,98172.45,98105.13,97075.95,94627.06,95976.46,97293.59,96407.08,102022.67,54617.71,39091.11,38912.64,38211.0,40619.04,40673.17,168849.36,129243.53,100588.8,91752.45,137102.22,133309.5,135917.78,138741.44,150398.91,142018.09,143291.92,145551.13,141080.33,144107.25,139123.31,141958.53,140125.77,142418.88,140904.83,142175.66,141901.17,141546.0,142129.02,139886.75,142321.7,141805.52,141798.61,141480.53,147026.38,135525.56,150285.31,150672.67,178522.66,181556.89,179930.44,218983.27,219742.88,135381.98,8889.04,83916.19,78234.78,97646.03,137022.36,19451.59,139886.84,12626.43,164262.8,168543.94,161060.31,85438.57,164540.25,127308.75,0.0,213845.8,78179.59,147207.63,74408.45,110191.01,167856.22,128414.56,138127.83,199528.44,40057.14,54429.2,127049.71,42753.39,83222.32,67201.66
Narva-Jõesuu,137110.45,137544.03,137933.53,140628.53,139918.48,137559.02,138919.73,189749.33,212281.44,177314.39,213014.89,212305.61,214713.64,214775.41,311111.78,236146.95,183264.34,140914.69,184362.45,168115.13,172203.98,168348.98,155051.28,164499.94,169124.22,163695.13,168110.56,163647.3,169986.97,169277.59,170509.91,166856.63,171684.63,170793.53,165387.53,166960.19,169049.06,169491.55,164926.36,171365.42,166938.63,171551.11,162117.06,108455.67,88236.2,85902.0,39349.11,35092.23,33958.27,10127.7,11086.99,173502.17,205008.27,201922.56,156767.25,116299.05,106621.41,202546.14,138837.41,222871.58,54950.19,76126.07,267963.72,230637.48,115651.22,86697.89,213845.8,0.0,175630.14,203586.33,139993.33,168198.09,51409.91,174973.95,177648.48,15165.75,205568.72,171646.94,106621.47,192084.27,149469.39,160719.02
Otepää,38979.42,38912.11,37882.91,35434.03,36783.43,38100.56,37214.05,40631.52,37566.46,62775.05,116868.78,116167.13,118575.17,118629.3,246805.48,194575.64,143107.38,109004.68,176909.09,172496.55,178436.34,185883.36,177700.55,182034.31,186658.58,181229.5,185644.94,181181.67,187521.33,186811.97,188044.27,184391.0,189218.98,188327.91,182921.91,184494.56,186583.42,187025.92,182460.72,188899.78,184473.0,189085.48,179651.44,131617.02,138027.89,137439.39,149179.81,152214.05,150587.59,180116.41,180876.03,177900.55,69876.66,26385.07,19119.62,75594.72,77829.32,58899.32,156371.78,90582.56,134919.95,160891.03,226392.42,163394.7,168047.0,88964.03,78179.59,175630.14,0.0,195472.64,68294.83,30709.21,138513.38,51505.32,177857.67,162402.95,118013.27,80318.19,118072.12,35426.2,100474.55,81189.09
Paldiski,183838.97,184197.72,183506.69,186055.14,185020.59,183022.88,184021.84,241836.5,201642.86,132808.53,108526.76,109189.87,106930.94,106725.33,147486.44,59564.84,52801.96,99540.1,19366.67,38102.72,31517.28,37143.88,53025.59,41485.07,38926.77,44605.4,38127.61,43139.12,36301.11,37033.23,36018.44,40223.11,34898.91,35528.58,40891.3,39449.78,38170.06,37073.44,41519.93,34985.72,39554.3,35218.61,46080.66,96836.2,116979.33,117939.15,165459.91,168494.14,170039.44,208417.64,209177.25,30366.84,155873.2,217011.05,179630.33,150914.17,185392.61,161824.67,65054.73,135620.33,149142.67,133257.05,91381.61,76623.52,94226.83,165469.09,147207.63,203586.33,195472.64,0.0,134598.2,220285.25,152736.08,236102.0,26243.92,189268.98,109801.47,114460.38,111748.44,174722.53,107168.34,116775.34
Põltsamaa,48529.91,48888.66,48197.63,47804.03,46704.52,47713.82,48712.78,106527.45,88067.95,37450.41,85168.95,84459.66,86867.7,86929.47,200366.73,140950.53,74666.78,35825.22,115374.33,99544.82,107822.25,104800.16,101480.91,101226.57,107298.17,106634.24,107139.04,106953.62,105715.96,108130.61,106662.01,105130.67,107846.96,108984.48,103514.56,105092.12,108187.73,106197.65,103487.77,108828.69,105099.46,108386.26,106238.06,61505.48,76265.23,76652.58,104670.17,107704.41,106077.96,145130.78,145890.39,108874.34,65570.91,90752.74,49175.21,23793.56,65219.86,63108.78,80152.15,79173.91,90410.32,94523.86,172767.31,119892.45,98077.73,53456.27,74408.45,139993.33,68294.83,134598.2,0.0,84976.2,94003.73,100792.94,108822.71,125675.97,77722.77,31782.95,53029.63,69874.86,33329.77,20855.04
Põlva,37530.95,37142.78,36940.66,36386.91,37530.14,37265.11,37114.84,21762.11,64193.53,93391.62,148880.19,148178.55,150586.58,150640.72,278816.91,225879.98,159596.23,123691.89,201061.38,184814.05,188902.91,185047.91,176865.09,181198.86,185823.14,180394.05,184809.48,180346.22,186685.89,185976.52,187208.83,183555.55,188383.55,187492.45,182086.45,183659.11,185747.98,186190.47,181625.28,188064.34,183637.55,188250.03,178815.98,130781.57,137192.44,136603.95,141747.77,144782.0,143155.55,172684.36,173443.98,190201.09,101888.07,39785.54,40522.18,74759.27,61760.1,90910.73,155536.33,122593.98,127487.91,153458.98,257696.77,195406.11,167211.56,81531.98,110191.01,168198.09,30709.21,220285.25,84976.2,0.0,131081.33,21741.24,194347.41,154970.91,150024.69,105772.94,117236.67,67437.62,118259.22,105583.57
Püssi,99993.69,100427.27,100816.77,103511.77,102801.72,100442.25,101802.97,152632.58,175164.67,131324.81,162164.64,161455.36,163863.39,163925.16,260261.52,185296.69,132414.08,90064.43,133512.2,117264.87,121353.73,117498.73,109315.91,113649.68,118273.95,112844.87,117260.31,112797.05,119136.71,118427.34,119659.65,116006.38,120834.36,119943.28,114537.28,116109.94,118198.8,118641.3,114076.1,120515.16,116088.38,120700.86,111266.8,57605.42,37385.94,35051.74,13283.48,16317.71,17863.01,56241.21,57000.83,122651.91,159018.69,164805.81,119650.49,70309.46,69504.65,156556.56,87987.15,172021.33,4099.93,31339.11,217113.47,179787.23,70864.26,49581.13,167856.22,51409.91,138513.38,152736.08,94003.73,131081.33,0.0,137857.19,126798.23,37092.55,154718.45,129740.76,55771.21,154967.5,98619.13,118599.95
Räpina,52672.33,52789.26,53718.33,55375.71,56518.95,53849.23,56103.63,35833.52,82417.08,121629.66,167103.75,166402.09,168810.14,168864.27,297040.47,241696.72,175412.97,139508.64,216878.13,200630.78,204719.66,200864.66,192681.84,197015.59,201639.88,196210.78,200626.23,196162.97,202502.63,201793.27,203025.56,199372.3,204200.28,203309.2,197903.2,199475.86,201564.72,202007.22,197442.02,203881.08,199454.3,204066.78,194632.73,146598.31,146223.8,145635.3,148523.63,151557.86,149931.42,179460.23,180219.84,206017.83,120111.63,57295.14,69816.98,90576.02,68535.97,109134.3,171353.08,140817.53,134263.78,160234.86,273513.5,220437.73,183028.3,88307.85,128414.56,174973.95,51505.32,236102.0,100792.94,21741.24,137857.19,0.0,210164.14,161746.77,168248.23,132328.23,133053.41,85661.17,134075.95,121400.32
Saue,157901.11,158259.86,157568.83,160117.28,159082.73,157085.02,158083.98,215898.66,178968.03,115193.56,99446.96,100110.06,97851.13,97645.53,156030.56,68108.95,34813.86,73764.61,7020.04,12327.23,5579.43,11206.02,27075.84,15547.21,14758.22,18036.96,12761.93,16593.1,10290.13,12514.0,10650.92,14883.47,10537.64,11808.47,14387.02,14010.59,13414.32,11353.92,14807.54,11438.32,14220.68,11113.34,19512.22,70898.34,91041.48,92001.3,139522.05,142556.28,144101.58,182479.78,183239.41,4428.98,133855.09,199396.08,162015.36,124976.32,159454.75,143201.81,39116.87,126540.53,123204.81,106813.97,99925.73,80230.75,67783.76,139531.23,138127.83,177648.48,177857.67,26243.92,108822.71,194347.41,126798.23,210164.14,0.0,163331.13,100776.88,96845.4,85810.59,157107.55,81392.85,101373.66
Sillamäe,123883.27,124316.84,124706.34,127401.34,126691.3,124331.83,125692.55,176522.14,199054.25,162997.03,198697.53,197988.25,200396.28,200458.06,296794.41,221829.59,168946.98,126597.32,170045.09,153797.77,157886.63,154031.63,140733.94,150182.58,154806.86,149377.77,153793.2,149329.94,155669.61,154960.23,156192.55,152539.27,157367.27,156476.19,151070.17,152642.83,154731.7,155174.2,150609.0,157048.06,152621.27,157233.75,147799.7,94138.32,73918.84,71584.64,25031.75,20774.87,19640.92,21516.72,22276.34,159184.81,190690.91,188695.38,143540.06,101981.7,93394.23,188228.78,124520.05,208554.22,40632.83,61808.71,253646.36,216320.13,101333.86,73470.7,199528.44,15165.75,162402.95,189268.98,125675.97,154970.91,37092.55,161746.77,163331.13,0.0,191251.36,157329.58,92304.11,178857.08,135152.03,146401.66
Sindi,126005.01,126363.77,125672.73,125508.42,126857.82,125188.92,127288.45,141856.34,94492.38,57569.9,7580.03,6870.75,9278.79,9340.55,137516.75,91837.38,66026.58,64722.41,99696.07,98747.27,101355.56,104179.21,115836.68,107455.86,108729.7,110988.89,106518.1,109545.03,104561.09,107396.3,105563.54,107856.66,106342.61,107613.44,107338.95,106983.78,107566.79,105324.53,107759.48,107243.29,107236.39,106918.3,112464.16,108495.52,123255.27,123642.63,167442.28,170476.52,170463.09,209515.92,210275.53,100819.76,48722.72,123790.85,118068.46,101386.98,142813.28,59285.27,112562.65,28469.84,151125.05,141513.91,123654.16,54105.96,137216.05,131049.7,40057.14,205568.72,118013.27,109801.47,77722.77,150024.69,154718.45,168248.23,100776.88,191251.36,0.0,51759.54,100019.66,82587.06,56185.27,57988.4
Suure-Jaani,80065.2,80423.95,79732.92,80413.88,78239.81,79249.11,80248.07,120324.15,82915.34,17654.08,59205.71,58496.43,60904.46,60966.23,189142.42,118473.88,62095.1,39744.71,95896.82,94815.8,97424.08,100247.73,113732.9,103524.38,104798.22,107057.41,102586.62,105613.55,100629.6,103464.83,101632.06,103925.18,102411.13,103681.96,103407.48,103052.3,103635.31,101393.05,103828.0,103311.8,103304.91,102986.83,108532.67,83517.82,98277.56,98664.92,136323.78,139358.02,137731.58,176784.39,177544.0,96888.28,45549.56,103343.38,65484.34,55447.17,96873.47,46161.6,87879.1,54816.79,126147.34,116536.2,150290.66,96751.49,112532.5,85109.88,54429.2,171646.94,80318.19,114460.38,31782.95,105772.94,129740.76,132328.23,96845.4,157329.58,51759.54,0.0,75041.97,61054.86,31214.57,12716.48
Tamsalu,80790.38,81149.13,80458.1,83006.55,81972.01,79974.29,80973.26,138787.92,154723.41,91779.98,107465.84,106756.55,109164.59,109226.37,211017.83,144309.05,77261.16,35365.63,92524.55,76277.23,80366.09,76511.09,68328.27,72662.04,77286.31,71857.23,76272.66,71809.4,78149.06,77439.7,78672.01,75018.73,79846.72,78955.64,73549.64,75122.29,77211.16,77653.66,73088.46,79527.52,75100.73,79713.21,70279.16,14945.25,24043.27,24430.63,68495.03,71529.27,73074.56,111452.77,112212.38,81664.27,118139.94,144364.55,99209.23,45088.79,77947.03,121398.37,46999.51,117322.53,52177.8,42301.91,176125.83,130543.55,51375.24,58023.51,127049.71,106621.47,118072.12,111748.44,53029.63,117236.67,55771.21,133053.41,85810.59,92304.11,100019.66,75041.97,0.0,122850.97,43920.34,63901.15
Tõrva,55433.54,55366.23,54337.04,51888.15,53237.55,54554.69,53668.18,59269.29,21860.47,41312.86,81442.57,80740.93,83148.97,83203.09,211379.28,166000.84,122357.25,96425.77,156158.98,155077.95,157686.23,160509.89,170413.95,163786.53,165060.38,167319.56,162848.77,165875.7,160891.77,163726.98,161894.22,164187.33,162673.28,163944.11,163669.63,163314.45,163897.47,161655.2,164090.16,163573.95,163567.06,163248.98,166610.88,131326.83,146086.58,146473.92,165633.94,168668.17,167041.72,196570.53,197330.16,157150.44,34450.45,42288.52,35495.87,92048.84,94283.45,23473.12,144560.16,55156.36,151374.08,164345.2,197817.63,127968.5,169213.56,105418.16,42753.39,192084.27,35426.2,174722.53,69874.86,67437.62,154967.5,85661.17,157107.55,178857.08,82587.06,61054.86,122850.97,0.0,87895.63,68276.91
Türi,81812.93,82171.68,81480.65,81087.05,79987.54,80996.84,81995.8,139810.47,109756.1,47952.58,63631.45,62922.16,65330.2,65391.97,165941.8,108411.79,42128.04,8623.09,87944.46,72114.95,80392.39,77370.29,82611.27,73796.71,79868.3,79204.38,79709.18,79523.76,78286.09,80700.75,79232.14,77700.81,80417.1,81554.62,76084.7,77662.25,80757.87,78767.79,76057.91,81398.83,77669.6,80956.39,78808.2,52396.2,67155.94,67543.3,111342.95,114377.19,114363.77,153416.59,154176.2,81444.48,74312.55,130184.15,81354.93,57501.37,104185.7,77570.98,56757.48,73495.14,95025.72,85414.58,140228.56,85467.52,81410.88,89554.9,83222.32,149469.39,100474.55,107168.34,33329.77,118259.22,98619.13,134075.95,81392.85,135152.03,56185.27,31214.57,43920.34,87895.63,0.0,20073.76
Võhma,69137.28,69496.04,68805.01,68411.41,67311.9,68321.2,69320.16,127134.82,90137.38,28333.87,65434.58,64725.29,67133.34,67195.1,179540.75,120788.84,64410.07,28603.9,98211.79,92095.77,100373.2,97351.1,102592.09,93777.52,99849.12,99185.2,99689.99,99504.57,98266.91,100681.56,99212.95,97681.63,100397.91,101535.43,96065.52,97643.07,100738.68,98748.6,96038.73,101379.64,97650.41,100937.2,98789.01,72377.01,87136.76,87524.11,125395.87,128430.11,126803.66,165856.48,166616.09,101425.29,58364.12,110565.43,62069.48,44519.25,85945.55,55902.0,76738.3,61045.65,115006.53,105395.39,152605.63,99066.46,101391.69,74181.97,67201.66,160719.02,81189.09,116775.34,20855.04,105583.57,118599.95,121400.32,101373.66,146401.66,57988.4,12716.48,63901.15,68276.91,20073.76,0.0
